{
    "best_broadcast": {
        "q": 9.000000000000002e-06
    },
    "best_simple": {
        "p": 0.0046,
        "q": 9.000000000000002e-06,
        "s": 0.15
    },
    "best_complex": {
        "k_0": 50.0,
        "p_hi": 0.22,
        "g": 0.15,
        "q": 9.000000000000002e-06,
        "s": 0.1
    }
}