{
    "best_broadcast": {
        "q": 8.000000000000001e-06
    },
    "best_simple": {
        "p": 0.003,
        "q": 8.000000000000001e-06,
        "s": 0.2
    },
    "best_complex": {
        "k_0": 100.0,
        "p_hi": 0.38,
        "g": 0.15,
        "q": 8.000000000000001e-06,
        "s": 0.15
    }
}