{
    "best_broadcast": {
        "q": 8.000000000000001e-06
    },
    "best_simple": {
        "p": 0.0046,
        "q": 8.000000000000001e-06,
        "s": 0.1
    },
    "best_complex": {
        "k_0": 50.0,
        "p_hi": 0.2,
        "g": 0.15,
        "q": 8.000000000000001e-06,
        "s": 0.1
    }
}