{
    "best_broadcast": {
        "q": 1.3000000000000001e-05
    },
    "best_simple": {
        "p": 0.00045999999999999996,
        "q": 1.3000000000000001e-05,
        "s": 0.9
    },
    "best_complex": {
        "k_0": 200.0,
        "p_hi": 0.5,
        "g": 0.15,
        "q": 1.3000000000000001e-05,
        "s": 0.7
    }
}